{"sections":{"banner":{"type":"main-collection-banner","disabled":true,"settings":{"show_collection_description":true,"show_collection_image":true,"image_aspect":"custom","desktop_height":80,"mobile_height":75,"focal_point":"image_presentation","text_position":"center_center","text_color":"#ffffff","color_overlay":"#000000","color_overlay_gradient":"","overlay_opacity":30,"enable_animation":true,"section_padding":"section--vertical-padding-none"}},"image-hero-1":{"type":"image-hero","blocks":{"block-0":{"type":"heading","settings":{"heading_font_class":"fs-heading-display-1"}},"block-1":{"type":"text","disabled":true,"settings":{"text":"<p>Use these sections to promote a particular feature with editorial photography.<\/p>","text_font_class":"fs-body-100"}}},"block_order":["block-0","block-1"],"settings":{"image_aspect":"custom","desktop_height":75,"mobile_height":75,"focal_point":"image_presentation","mobile_focal_point":"image_presentation","media_link":"","text_position":"center_center","text_color":"#ffffff","button_background_color":"#ffffff","button_text_color":"#000000","color_overlay":"#000000","color_overlay_gradient":"","overlay_opacity":40,"enable_animation":true,"section_padding":"section--vertical-padding-none"}},"multi-column-1":{"type":"multi-column","blocks":{"block-0":{"type":"column","settings":{"accent":"","heading":"","heading_font_class":"fs-heading-4-base","text":"","text_font_class":"fs-body-100","text_max_width":100,"link":"","link_text":"Collection","button_style":"btn--callout"}},"block-1":{"type":"column","settings":{"accent":"","heading":"","heading_font_class":"fs-heading-4-base","text":"","text_font_class":"fs-body-100","text_max_width":100,"link":"","link_text":"Collection","button_style":"btn--callout"}},"block-2":{"type":"column","settings":{"accent":"","heading":"","heading_font_class":"fs-heading-4-base","text":"","text_font_class":"fs-body-100","text_max_width":100,"link_text":"Collection","button_style":"btn--callout"}},"block-3":{"type":"column","settings":{"accent":"","heading":"","heading_font_class":"fs-heading-4-base","text":"","text_font_class":"fs-body-100","text_max_width":100,"link":"","link_text":"Collection","button_style":"btn--callout"}},"block-4":{"type":"column","settings":{"accent":"","heading":"","heading_font_class":"fs-heading-4-base","text":"","text_font_class":"fs-body-100","text_max_width":100,"link":"","link_text":"Collection","button_style":"btn--callout"}},"block-5":{"type":"column","settings":{"accent":"","heading":"","heading_font_class":"fs-heading-4-base","text":"","text_font_class":"fs-body-100","text_max_width":100,"link":"","link_text":"Collection","button_style":"btn--callout"}}},"block_order":["block-0","block-1","block-2","block-3","block-4","block-5"],"settings":{"title":"","subheading":"","heading_font_class":"fs-heading-3-base","heading_alignment":"left","content_vertical_alignment":"top","content_background_padding":"medium","columns":"6","column_spacing":4,"row_spacing":20,"column_alignment":"center","columns_mobile":"2","column_spacing_mobile":4,"row_spacing_mobile":32,"column_alignment_mobile":"center","background_behind_columns":false,"background_color":"#e4e4e4","text_color":"#000000","button_background_color":"#000000","button_text_color":"#ffffff","enable_animation":true,"divider_style":"none","section_padding":"section--vertical-padding-top-bottom"}},"rich-text-1":{"type":"rich-text","blocks":{"block-0":{"type":"text","settings":{"text_font_class":"fs-body-200"}}},"block_order":["block-0"],"settings":{"alignment":"center_center","enable_animation":true,"divider_style":"none","section_padding":"section--vertical-padding-top-bottom","content_width":"custom","custom_content_width":700}},"image-with-text-1":{"type":"image-with-text","blocks":{"block-0":{"type":"accent","settings":{"accent":"Accent"}},"block-1":{"type":"heading","settings":{"heading_font_class":"fs-heading-display-2"}},"block-2":{"type":"text","settings":{"text":"<p>Highlight some details about your product<\/p>","text_font_class":"fs-body-200"}},"block-3":{"type":"button","settings":{"link":"","button_style":"btn--primary"}},"block-4":{"type":"button","settings":{"link":"","button_style":"btn--secondary"}},"block-5":{"type":"spacer","settings":{"space":24}},"block-6":{"type":"text","settings":{"text":"<p>———<\/p><p>Include a small detail with a text block<\/p>","text_font_class":"fs-body-75"}}},"block_order":["block-0","block-1","block-2","block-3","block-4","block-5","block-6"],"settings":{"image_position":"right","text_alignment":"left","aspect_ratio":"square","focal_point":"image_presentation","image_caption":"Optional image caption","show_small_image":true,"image_small_aspect_ratio":"square","image_small_focal_point":"center","background_color":"","text_color":"#000000","button_background_color":"#000000","button_text_color":"#ffffff","enable_animation":true,"divider_style":"none","section_padding":"section--vertical-padding-top-bottom"}},"image-with-text-2":{"type":"image-with-text","blocks":{"block-0":{"type":"accent","settings":{"accent":"Accent"}},"block-1":{"type":"heading","settings":{"heading_font_class":"fs-heading-display-2"}},"block-2":{"type":"text","settings":{"text":"<p>Highlight some details about your product<\/p>","text_font_class":"fs-body-200"}},"block-3":{"type":"button","settings":{"button_style":"btn--primary"}},"block-4":{"type":"button","settings":{"link":"","button_style":"btn--secondary"}}},"block_order":["block-0","block-1","block-2","block-3","block-4"],"settings":{"image_position":"left","text_alignment":"left","aspect_ratio":"square","focal_point":"image_presentation","image_caption":"Optional image caption","show_small_image":true,"image_small_aspect_ratio":"square","image_small_focal_point":"center","background_color":"","text_color":"#000000","button_background_color":"#000000","button_text_color":"#ffffff","enable_animation":true,"divider_style":"none","section_padding":"section--vertical-padding-top-bottom"}},"multi-column-2":{"type":"multi-column","blocks":{"block-0":{"type":"column","settings":{"accent":"Accent","heading_font_class":"fs-heading-3-base","text":"<p>Use a multi-column section to create a gallery of images<\/p>","text_font_class":"fs-body-100","text_max_width":100,"link":"","button_style":"btn--callout"}},"block-1":{"type":"image_column","settings":{"image_width":100,"aspect_ratio":"portrait","focal_point":"image_presentation","image_position":"above_text","image_link":"","small_caption":"","accent":"","heading":"","heading_font_class":"fs-heading-4-base","text":"","text_font_class":"fs-body-100","text_max_width":100,"link":"","link_text":"","button_style":"btn--primary"}},"block-2":{"type":"image_column","settings":{"image_width":100,"aspect_ratio":"portrait","focal_point":"image_presentation","image_position":"above_text","image_link":"","small_caption":"","accent":"","heading":"","heading_font_class":"fs-heading-4-base","text":"","text_font_class":"fs-body-100","text_max_width":100,"link":"","link_text":"","button_style":"btn--primary"}},"block-3":{"type":"image_column","settings":{"image_width":100,"aspect_ratio":"portrait","focal_point":"image_presentation","image_position":"above_text","image_link":"","small_caption":"","accent":"","heading":"","heading_font_class":"fs-heading-4-base","text":"","text_font_class":"fs-body-100","text_max_width":100,"link":"","link_text":"","button_style":"btn--primary"}}},"block_order":["block-0","block-1","block-2","block-3"],"settings":{"title":"","subheading":"","heading_font_class":"fs-heading-3-base","heading_alignment":"left","content_vertical_alignment":"center","content_background_padding":"medium","columns":"4","column_spacing":48,"row_spacing":28,"column_alignment":"left","columns_mobile":"2","column_spacing_mobile":20,"row_spacing_mobile":20,"column_alignment_mobile":"left","background_behind_columns":false,"background_color":"","text_color":"#000000","button_background_color":"#000000","button_text_color":"#ffffff","enable_animation":true,"divider_style":"none","section_padding":"section--vertical-padding-top-bottom"}},"image-with-text-3":{"type":"image-with-text","blocks":{"block-0":{"type":"accent","settings":{"accent":"Accent"}},"block-1":{"type":"heading","settings":{"heading_font_class":"fs-heading-display-3"}},"block-2":{"type":"text","settings":{"text":"<p>Highlight some details about your product<\/p>","text_font_class":"fs-body-200"}},"block-3":{"type":"button","settings":{"link":"","link_text":"Shop this","button_style":"btn--primary"}},"block-4":{"type":"button","settings":{"link":"","link_text":"Shop all","button_style":"btn--secondary"}},"block-5":{"type":"spacer","settings":{"space":24}},"block-6":{"type":"text","settings":{"text":"<p>———<\/p><p>Include a small detail with a text block<\/p>","text_font_class":"fs-body-75"}}},"block_order":["block-0","block-1","block-2","block-3","block-4","block-5","block-6"],"settings":{"image_position":"right","text_alignment":"left","aspect_ratio":"square","focal_point":"image_presentation","image_caption":"Optional image caption","show_small_image":true,"image_small_aspect_ratio":"square","image_small_focal_point":"center","background_color":"","text_color":"#000000","button_background_color":"#000000","button_text_color":"#ffffff","enable_animation":true,"divider_style":"none","section_padding":"section--vertical-padding-top-bottom"}},"image-hero-2":{"type":"image-hero","blocks":{"block-0":{"type":"accent","settings":{"accent":"Accent"}},"block-1":{"type":"heading","settings":{"heading_font_class":"fs-heading-display-1"}},"block-2":{"type":"text","settings":{"text":"<p>Highlight some details about your product<\/p>","text_font_class":"fs-body-200"}},"block-3":{"type":"text","settings":{"text":"<p>Highlight some details about your product<\/p>","text_font_class":"fs-body-75"}},"block-4":{"type":"spacer","settings":{"space":16}},"block-5":{"type":"button","settings":{"link":"","button_style":"btn--primary"}}},"block_order":["block-0","block-1","block-2","block-3","block-4","block-5"],"settings":{"image_aspect":"custom","desktop_height":80,"mobile_height":65,"focal_point":"image_presentation","mobile_focal_point":"image_presentation","media_link":"","text_position":"flex-end_center","text_color":"#ffffff","button_background_color":"#ffffff","button_text_color":"#000000","color_overlay":"#000000","color_overlay_gradient":"linear-gradient(90deg, rgba(0, 0, 0, 0) 31%, rgba(0, 0, 0, 1) 100%)","overlay_opacity":60,"enable_animation":true,"section_padding":"section--vertical-padding-top-only"}},"rich-text-2":{"type":"rich-text","blocks":{"block-0":{"type":"spacer","settings":{"space":24}},"block-1":{"type":"spacer","settings":{"space":12}},"block-2":{"type":"heading","settings":{"title":"The collection","heading_font_class":"fs-heading-1-base"}},"block-3":{"type":"text","settings":{"text_font_class":"fs-body-100"}}},"block_order":["block-0","block-1","block-2","block-3"],"settings":{"alignment":"center_center","enable_animation":true,"divider_style":"none","section_padding":"section--vertical-padding-top-bottom","content_width":"custom","custom_content_width":700}},"product-grid":{"type":"main-collection-product-grid","settings":{"columns":"4","rows":"4","show_item_count":true,"show_sort":true,"show_filters":true,"enable_sticky_filter_bar":true,"collapse_filter_bar":true,"collapse_filter_groups_mobile":true,"show_swatch_filters":true,"show_chip_filters":true,"chip_layout":"3col","pagination":"click","enable_animation":true,"divider_style":"solid"}}},"order":["banner","image-hero-1","multi-column-1","rich-text-1","image-with-text-1","image-with-text-2","multi-column-2","image-with-text-3","image-hero-2","rich-text-2","product-grid"]}