{"sections":{"16558445044f80743b":{"type":"image-hero","blocks":{"d0cd2366-7930-4809-80d7-2b38d2d4fb07":{"type":"heading","settings":{"heading_font_class":"fs-heading-display-2"}},"8a49de45-4784-4f5d-adcf-b87e81e76548":{"type":"subheading","settings":{"subheading_font_class":"fs-heading-5-base"}},"d525a297-b0ac-4079-a90c-68d26f07aae7":{"type":"button","settings":{"link":"","button_style":"btn--primary"}},"15c58a65-cec7-4639-8936-8e3534462aff":{"type":"button","settings":{"link":"","button_style":"btn--secondary"}}},"block_order":["d0cd2366-7930-4809-80d7-2b38d2d4fb07","8a49de45-4784-4f5d-adcf-b87e81e76548","d525a297-b0ac-4079-a90c-68d26f07aae7","15c58a65-cec7-4639-8936-8e3534462aff"],"settings":{"image_aspect":"custom","desktop_height":70,"mobile_height":50,"focal_point":"image_presentation","mobile_focal_point":"image_presentation","media_link":"","text_position":"center_center","text_color":"#ffffff","button_background_color":"#ffffff","button_text_color":"#000000","color_overlay":"#000000","color_overlay_gradient":"","overlay_opacity":51,"section_padding":"section--vertical-padding-none"}},"1655855477ee9538e0":{"type":"countdown-bar","settings":{"min_height":60,"min_height_mobile":60,"year":2023,"month":"january","day":"1","hour":"0","minute":"0","hide_timer_on_complete":false,"timer_complete_message":"","button_style":"btn--secondary","focal_point":"image_presentation","mobile_focal_point":"image_presentation","text_color":"#ffffff","button_background_color":"#ffffff","button_text_color":"#000000","background_color":"#c51c26","color_overlay":"#000000","color_overlay_gradient":"","overlay_opacity":0,"full_width":true,"section_padding":"section--vertical-padding-none"}},"1654878022d8e24a9a":{"type":"grid","blocks":{"165487802257d72399-2":{"type":"item","settings":{"width":"33","height":500,"mobile_height":360,"media_fit":"cover","focal_point":"image_presentation","mobile_focal_point":"image_presentation","text_position":"flex-start_flex-end","accent":"","subheading_font_class":"fs-heading-6-base","text":"","text_font_class":"fs-body-100","link":"","link_text":"Shop now","button_style":"btn--callout","background_color":"","text_color":"#ffffff","button_background_color":"#ffffff","button_text_color":"#000000","color_overlay":"#000000","color_overlay_gradient":"linear-gradient(180deg, rgba(0, 0, 0, 0.1) 52%, rgba(0, 0, 0, 1) 100%)","overlay_opacity":50}},"165487802257d72399-1":{"type":"item","settings":{"width":"33","height":500,"mobile_height":360,"media_fit":"cover","focal_point":"image_presentation","mobile_focal_point":"image_presentation","text_position":"flex-start_flex-end","accent":"","title":"Grid item","subheading_font_class":"fs-heading-6-base","text":"","text_font_class":"fs-body-100","link":"","link_text":"","button_style":"btn--callout","background_color":"","text_color":"#ffffff","button_background_color":"#ffffff","button_text_color":"#000000","color_overlay":"#000000","color_overlay_gradient":"linear-gradient(180deg, rgba(0, 0, 0, 0.1) 52%, rgba(0, 0, 0, 1) 100%)","overlay_opacity":50}},"165487802257d72399-0":{"type":"item","settings":{"width":"33","height":600,"mobile_height":360,"media_fit":"cover","focal_point":"image_presentation","mobile_focal_point":"image_presentation","text_position":"flex-start_flex-end","accent":"","subheading_font_class":"fs-heading-6-base","text":"","text_font_class":"fs-body-100","link":"","button_style":"btn--callout","background_color":"","text_color":"#ffffff","button_background_color":"#ffffff","button_text_color":"#000000","color_overlay":"#000000","color_overlay_gradient":"linear-gradient(180deg, rgba(0, 0, 0, 0.1) 43%, rgba(0, 0, 0, 1) 100%)","overlay_opacity":50}}},"block_order":["165487802257d72399-2","165487802257d72399-1","165487802257d72399-0"],"settings":{"divider_style":"solid"}},"16549177944ec2347e":{"type":"rich-text","blocks":{"1654917794cdc0bc3c-0":{"type":"heading","settings":{"heading_font_class":"fs-heading-3-base"}},"1654917794cdc0bc3c-1":{"type":"text","settings":{"text_font_class":"fs-body-100"}}},"block_order":["1654917794cdc0bc3c-0","1654917794cdc0bc3c-1"],"settings":{"alignment":"center_center","divider_style":"solid","content_width":"custom","custom_content_width":650}},"1655855558c1ac2348":{"type":"featured-collection-slider","blocks":{"16558555587b915de6-0":{"type":"collection","settings":{"show_view_all":true,"collection":"","collection_name":"First collection"}},"16558555587b915de6-1":{"type":"collection","settings":{"show_view_all":true,"collection":"","collection_name":"Second collection"}}},"block_order":["16558555587b915de6-0","16558555587b915de6-1"],"settings":{"heading":"Featured collection","subheading":"","link":"","link_text":"","maximum_products":8,"columns":"4","mobile_columns":"2","divider_style":"solid","section_padding":"section--vertical-padding-top-bottom"}},"16548772614c49ba39":{"type":"featured-collection-slider","blocks":{"767ac6c0-8826-4284-bd74-6eb8a441d7bc":{"type":"collection","settings":{"show_view_all":true,"collection":"","collection_name":"Collection"}}},"block_order":["767ac6c0-8826-4284-bd74-6eb8a441d7bc"],"settings":{"subheading":"","link":"","link_text":"View all products","maximum_products":8,"columns":"4","mobile_columns":"2","divider_style":"solid","section_padding":"section--vertical-padding-top-bottom"}},"16558561315f6147d3":{"type":"sales-banner","settings":{"min_height":300,"min_height_mobile":500,"sale_type":"up to","sale_amount":"60","sale_unit":"percent_off","sale_font_size":150,"sale_font_size_mobile":150,"currency_symbol_position":"before","heading_font_class":"fs-heading-3-base","button_style":"btn--secondary","button_style_2":"btn--secondary","focal_point":"image_presentation","mobile_focal_point":"image_presentation","text_color":"#FFFFFF","button_background_color":"#FFFFFF","button_text_color":"#000000","background_color":"#C51C26","color_overlay":"#000","color_overlay_gradient":"","overlay_opacity":0,"show_frame":true,"full_width":false,"section_padding":"section--vertical-padding-top-only"}},"1655747757d7226f15":{"type":"grid","blocks":{"e866e078-81cd-4f2b-8678-817de7dc830a":{"type":"item","settings":{"width":"50","height":500,"mobile_height":500,"media_fit":"cover","focal_point":"image_presentation","mobile_focal_point":"image_presentation","text_position":"center_center","accent":"","subheading_font_class":"fs-heading-5-base","text":"","text_font_class":"fs-body-100","link":"","button_style":"btn--primary","background_color":"","text_color":"#FFFFFF","button_background_color":"#FFFFFF","button_text_color":"#000000","color_overlay":"#000","color_overlay_gradient":"","overlay_opacity":30}},"c832af30-0b0e-4968-9284-ab8633c9a7c3":{"type":"item","settings":{"width":"50","height":500,"mobile_height":500,"media_fit":"cover","focal_point":"image_presentation","mobile_focal_point":"image_presentation","text_position":"center_center","accent":"","subheading_font_class":"fs-heading-5-base","text":"","text_font_class":"fs-body-100","link":"","link_text":"","button_style":"btn--primary","background_color":"","text_color":"#FFFFFF","button_background_color":"#FFFFFF","button_text_color":"#000000","color_overlay":"#000","color_overlay_gradient":"","overlay_opacity":30}},"c51c0355-4ad0-4933-b13d-f827c724bcf5":{"type":"item","settings":{"width":"33","height":500,"mobile_height":500,"media_fit":"cover","focal_point":"image_presentation","mobile_focal_point":"image_presentation","text_position":"center_center","accent":"","subheading_font_class":"fs-heading-5-base","text":"","text_font_class":"fs-body-100","link":"","link_text":"","button_style":"btn--primary","background_color":"","text_color":"#FFFFFF","button_background_color":"#FFFFFF","button_text_color":"#000000","color_overlay":"#000","color_overlay_gradient":"","overlay_opacity":30}},"c49fee52-014f-4275-968c-dc288d31fd2b":{"type":"item","settings":{"width":"33","height":500,"mobile_height":500,"media_fit":"cover","focal_point":"image_presentation","mobile_focal_point":"image_presentation","text_position":"center_center","accent":"","subheading_font_class":"fs-heading-5-base","text":"","text_font_class":"fs-body-100","link":"","link_text":"","button_style":"btn--primary","background_color":"","text_color":"#FFFFFF","button_background_color":"#FFFFFF","button_text_color":"#000000","color_overlay":"#000","color_overlay_gradient":"","overlay_opacity":30}},"765a5e2e-93df-44f3-aa92-3c26e95174c2":{"type":"item","settings":{"width":"33","height":500,"mobile_height":500,"media_fit":"cover","focal_point":"image_presentation","mobile_focal_point":"image_presentation","text_position":"center_center","accent":"","subheading_font_class":"fs-heading-5-base","text":"","text_font_class":"fs-body-100","link":"","link_text":"","button_style":"btn--primary","background_color":"","text_color":"#FFFFFF","button_background_color":"#FFFFFF","button_text_color":"#000000","color_overlay":"#000","color_overlay_gradient":"","overlay_opacity":30}},"48a4e426-4325-412e-a437-c11aa5b4edf2":{"type":"item","settings":{"width":"100","height":500,"mobile_height":500,"media_fit":"cover","focal_point":"image_presentation","mobile_focal_point":"image_presentation","text_position":"center_center","accent":"","subheading_font_class":"fs-heading-5-base","text":"","text_font_class":"fs-body-100","link":"","link_text":"","button_style":"btn--primary","background_color":"","text_color":"#FFFFFF","button_background_color":"#FFFFFF","button_text_color":"#000000","color_overlay":"#000","color_overlay_gradient":"","overlay_opacity":30}}},"block_order":["e866e078-81cd-4f2b-8678-817de7dc830a","c832af30-0b0e-4968-9284-ab8633c9a7c3","c51c0355-4ad0-4933-b13d-f827c724bcf5","c49fee52-014f-4275-968c-dc288d31fd2b","765a5e2e-93df-44f3-aa92-3c26e95174c2","48a4e426-4325-412e-a437-c11aa5b4edf2"],"settings":{"divider_style":"none"}},"165488047346f59e49":{"type":"collection-list-slider","settings":{"heading":"Collection list","subheading":"","columns":"5","mobile_columns":"2","collection_list":[],"collection_listing_aspect_ratio":"portrait","label_style":"overlay","overlay_title_background_style":"gradient","overlay_text_color":"#ffffff","overlay_title_background":"#000000","divider_style":"solid","section_padding":"section--vertical-padding-top-bottom"}},"1654913893935a57bd":{"type":"image-with-text-split","blocks":{"1654913893d03d0b33-0":{"type":"accent","settings":{}},"1654913893d03d0b33-1":{"type":"heading","settings":{"heading_font_class":"fs-heading-1-base"}},"1654913893d03d0b33-2":{"type":"subheading","settings":{"subheading_font_class":"fs-heading-5-base"}},"63e2f450-ccdf-4ba0-8c95-8e7b01b5c7f5":{"type":"image","settings":{"image_size":250,"image_size_mobile":200}},"7f329234-f652-4947-8f09-cad43d072028":{"type":"button","settings":{"link":"","button_style":"btn--secondary"}}},"block_order":["1654913893d03d0b33-0","1654913893d03d0b33-1","1654913893d03d0b33-2","63e2f450-ccdf-4ba0-8c95-8e7b01b5c7f5","7f329234-f652-4947-8f09-cad43d072028"],"settings":{"image_position":"right","image_mobile_position":"above-content","image_padding":"none","aspect_ratio":"natural","focal_point":"image_presentation","content_alignment":"center","background_color":"#0b3b3e","text_color":"#ffffff","button_background_color":"#ffffff","button_text_color":"#ffffff","section_padding":"section--vertical-padding-top-bottom"}},"165489980473ecbf41":{"type":"image-with-text","blocks":{"1654899804e4fc48ec-0":{"type":"heading","settings":{"heading_font_class":"fs-heading-display-3"}},"1654899804e4fc48ec-1":{"type":"subheading","settings":{"subheading_font_class":"fs-heading-5-base"}},"1654899804e4fc48ec-2":{"type":"button","settings":{"link":"","button_style":"btn--primary"}}},"block_order":["1654899804e4fc48ec-0","1654899804e4fc48ec-1","1654899804e4fc48ec-2"],"settings":{"image_position":"left","text_alignment":"center","aspect_ratio":"natural","focal_point":"image_presentation","image_caption":"","show_small_image":true,"image_small_aspect_ratio":"natural","image_small_focal_point":"center","background_color":"#ffffff","text_color":"#000000","button_background_color":"#000000","button_text_color":"#ffffff","divider_style":"solid","section_padding":"section--vertical-padding-top-bottom"}},"1654880426b1f83355":{"type":"image-with-text","blocks":{"16548804264c48a1d9-0":{"type":"heading","settings":{"heading_font_class":"fs-heading-display-3"}},"16548804264c48a1d9-1":{"type":"subheading","settings":{"subheading_font_class":"fs-heading-5-base"}},"16548804264c48a1d9-2":{"type":"button","settings":{"link":"","button_style":"btn--primary"}}},"block_order":["16548804264c48a1d9-0","16548804264c48a1d9-1","16548804264c48a1d9-2"],"settings":{"image_position":"right","text_alignment":"center","aspect_ratio":"natural","focal_point":"image_presentation","image_caption":"","show_small_image":true,"image_small_aspect_ratio":"natural","image_small_focal_point":"center","background_color":"","text_color":"#000000","button_background_color":"#000000","button_text_color":"#ffffff","divider_style":"none","section_padding":"section--vertical-padding-top-bottom"}},"16558561940a4fe50f":{"type":"testimonials","blocks":{"1655856194e7b43695-0":{"type":"testimonial","settings":{"product":"","image_position":"right","aspect_ratio":"square","focal_point":"image_presentation","show_rating":true,"rating":5}},"1655856194e7b43695-1":{"type":"testimonial","settings":{"product":"","image_position":"right","aspect_ratio":"square","focal_point":"image_presentation","show_rating":true,"rating":4.5}},"1655856194e7b43695-2":{"type":"testimonial","settings":{"product":"","image_position":"right","aspect_ratio":"square","focal_point":"image_presentation","show_rating":true,"rating":5}}},"block_order":["1655856194e7b43695-0","1655856194e7b43695-1","1655856194e7b43695-2"],"settings":{"image_size":"small","quote_font":"heading","background_color":"#000000","text_color":"#ffffff","divider_style":"none","section_padding":"section--vertical-padding-top-bottom"}},"16548834739d532589":{"type":"shoppable-feature","blocks":{"16548834735b1dc2a7-0":{"type":"hotspot","settings":{"product_item":"","horizontal_position":37,"vertical_position":69}},"16548834735b1dc2a7-1":{"type":"hotspot","settings":{"product_item":"","horizontal_position":43,"vertical_position":37}},"16548834735b1dc2a7-2":{"type":"hotspot","settings":{"product_item":"","horizontal_position":63,"vertical_position":18}}},"block_order":["16548834735b1dc2a7-0","16548834735b1dc2a7-1","16548834735b1dc2a7-2"],"settings":{"image_position":"left","image_size":50,"aspect_ratio":"portrait_alt","link":"","button_style":"btn--callout","divider_style":"solid","content_position_desktop":"inside"}},"1654916105fd939f8f":{"type":"video-hero","blocks":{"1654916105bea353be-0":{"type":"accent","settings":{}},"1654916105bea353be-1":{"type":"heading","settings":{"heading_font_class":"fs-heading-display-3"}},"535519ef-68f5-42dd-8ad6-15ab68afaa95":{"type":"subheading","settings":{"subheading_font_class":"fs-heading-5-base"}},"39a1cced-a841-48eb-bf01-2041e2134155":{"type":"play-button","settings":{"video_url":"","aspect_ratio":"landscape","icon_style":"light"}}},"block_order":["1654916105bea353be-0","1654916105bea353be-1","535519ef-68f5-42dd-8ad6-15ab68afaa95","39a1cced-a841-48eb-bf01-2041e2134155"],"settings":{"image_aspect":"custom","desktop_height":65,"mobile_height":50,"video_url":"","media_link":"","focal_point":"image_presentation","text_position":"center_flex-end","text_color":"#ffffff","button_background_color":"#ffffff","button_text_color":"#000000","color_overlay":"#000000","color_overlay_gradient":"linear-gradient(180deg, rgba(0, 0, 0, 0.24) 38%, rgba(0, 0, 0, 1) 100%)","overlay_opacity":67,"section_padding":"section--vertical-padding-none"}},"16548801325228c324":{"type":"blog-posts","settings":{"heading":"Blog posts","subheading":"","button_link":"","display_type":"all","blog":"news","max_articles":2,"show_tags":true,"show_author":false,"show_date":true,"show_excerpt":true,"show_featured_image":true,"aspect_ratio":"landscape","divider_style":"solid","section_padding":"section--vertical-padding-top-bottom"}},"1655748277aeb95c8a":{"type":"image-with-text","blocks":{"1655748276a16c587f-0":{"type":"heading","settings":{"heading_font_class":"fs-heading-1-base"}},"a20757dc-e69a-44d7-a715-2a5d06580517":{"type":"border","settings":{}},"1655748276a16c587f-1":{"type":"subheading","settings":{"subheading_font_class":"fs-heading-5-base"}},"2c5ae3e6-0766-4bad-aff5-a724000e1ddd":{"type":"text","settings":{"text_font_class":"fs-body-75"}},"6bfc7d96-f5a5-41c5-b66f-6b8eb23d8a52":{"type":"border","settings":{}},"737ce2a8-7a79-4050-901a-b48412cad79e":{"type":"subheading","settings":{"subheading_font_class":"fs-heading-5-base"}},"78b87e77-53f6-4b58-828a-36ba7eeaa4f1":{"type":"text","settings":{"text_font_class":"fs-body-75"}},"1655748276a16c587f-2":{"type":"button","settings":{"link":"","button_style":"btn--secondary"}}},"block_order":["1655748276a16c587f-0","a20757dc-e69a-44d7-a715-2a5d06580517","1655748276a16c587f-1","2c5ae3e6-0766-4bad-aff5-a724000e1ddd","6bfc7d96-f5a5-41c5-b66f-6b8eb23d8a52","737ce2a8-7a79-4050-901a-b48412cad79e","78b87e77-53f6-4b58-828a-36ba7eeaa4f1","1655748276a16c587f-2"],"settings":{"image_position":"left","text_alignment":"left","aspect_ratio":"square","focal_point":"image_presentation","image_caption":"","show_small_image":false,"image_small_aspect_ratio":"square","image_small_focal_point":"center","background_color":"","text_color":"#000000","button_background_color":"#000000","button_text_color":"#ffffff","divider_style":"solid","section_padding":"section--vertical-padding-top-bottom"}},"165489278903cc3881":{"type":"image-with-text-split","blocks":{"cec1e4e1-4b28-4709-8d1a-c986ad40425b":{"type":"image","settings":{"image_size":160,"image_size_mobile":110}},"da0d8502-d1a9-42c4-946f-f3143ddb712c":{"type":"heading","settings":{"heading_font_class":"fs-heading-1-base"}},"16548927896be1844d-2":{"type":"subheading","settings":{"subheading_font_class":"fs-heading-5-base"}},"82fd259e-87e0-4232-9b45-72472ceab4dc":{"type":"button","settings":{"link":"","button_style":"btn--callout"}},"7792bb9a-dddb-46ca-9045-e26f6f6948b5":{"type":"button","settings":{"link":"","button_style":"btn--callout"}}},"block_order":["cec1e4e1-4b28-4709-8d1a-c986ad40425b","da0d8502-d1a9-42c4-946f-f3143ddb712c","16548927896be1844d-2","82fd259e-87e0-4232-9b45-72472ceab4dc","7792bb9a-dddb-46ca-9045-e26f6f6948b5"],"settings":{"image_position":"right","image_mobile_position":"above-content","image_padding":"none","aspect_ratio":"landscape","focal_point":"image_presentation","content_alignment":"center","background_color":"#562a26","text_color":"#d1d8c0","button_background_color":"#d1d8c0","button_text_color":"#ffffff","section_padding":"section--vertical-padding-top-only"}},"d71df2af-ba99-428a-9772-57ebe99ef94d":{"type":"newsletter-compact","blocks":{"template--15305459073231__d71df2af-ba99-428a-9772-57ebe99ef94d-1668035253c173f759-0":{"type":"text_content","settings":{"width":"600","title":"Subscribe to our newsletter","heading_font_class":"fs-heading-4-base","subheading":"","subheading_font_class":"fs-heading-6-base","text":"<p>Include a short sentence describing what someone can expect from your newsletter.<\/p>","text_font_class":"fs-body-75"}},"template--15305459073231__d71df2af-ba99-428a-9772-57ebe99ef94d-1668035253c173f759-1":{"type":"newsletter_signup","settings":{"signup_link_text":"Sign up","footer_text":"<p>By completing this form, you are signing up to receive our emails and can unsubscribe at any time.<\/p>"}}},"block_order":["template--15305459073231__d71df2af-ba99-428a-9772-57ebe99ef94d-1668035253c173f759-0","template--15305459073231__d71df2af-ba99-428a-9772-57ebe99ef94d-1668035253c173f759-1"],"settings":{"spacing_mode":"between","alignment":"left","focal_point":"image_presentation","background_color":"#f5f5f5","text_color":"#000000","input_color":"#000000","input_background":"#fff","button_background_color":"#000000","button_text_color":"#FFFFFF","color_overlay":"#000","color_overlay_gradient":"","overlay_opacity":0,"enable_animation":true,"divider_style":"none","section_padding":"section--vertical-padding-top-bottom"}}},"order":["16558445044f80743b","1655855477ee9538e0","1654878022d8e24a9a","16549177944ec2347e","1655855558c1ac2348","16548772614c49ba39","16558561315f6147d3","1655747757d7226f15","165488047346f59e49","1654913893935a57bd","165489980473ecbf41","1654880426b1f83355","16558561940a4fe50f","16548834739d532589","1654916105fd939f8f","16548801325228c324","1655748277aeb95c8a","165489278903cc3881","d71df2af-ba99-428a-9772-57ebe99ef94d"]}