{"sections":{"main":{"type":"main-page","disabled":true,"settings":{"enable_animation":true,"content_width":"custom","custom_content_width":700}},"rich-text-1":{"type":"rich-text","blocks":{"block-0":{"type":"heading","settings":{"title":"Contact us","heading_font_class":"fs-heading-1-base"}},"block-1":{"type":"spacer","settings":{"space":12}},"block-2":{"type":"text","settings":{"text_font_class":"fs-body-100"}}},"block_order":["block-0","block-1","block-2"],"settings":{"alignment":"center_center","enable_animation":true,"divider_style":"none","section_padding":"section--vertical-padding-top-bottom","content_width":"custom","custom_content_width":700}},"contact-form":{"type":"contact-form","blocks":{"block-0":{"type":"text","settings":{"title":"Name","required":true,"width":"half"}},"block-1":{"type":"email","settings":{"title":"Email","width":"half"}},"block-2":{"type":"select","settings":{"title":"Subject","width":"full","option_1":"Option one","option_2":"Option two","option_3":"Option three","option_4":"","option_5":"","option_6":"","option_7":"","option_8":"","option_9":"","option_10":""}},"block-3":{"type":"text","settings":{"title":"Phone number","required":false,"width":"full"}},"block-4":{"type":"text_area","settings":{"title":"Message","placeholder":"Your message","required":true,"height":180,"width":"full"}},"block-5":{"type":"submit","settings":{"title":"Submit","size":"large","full_width":true}}},"block_order":["block-0","block-1","block-2","block-3","block-4","block-5"],"settings":{"alignment":"left_left","heading":"Contact us","heading_font_class":"fs-heading-2-base","text":"","show_recaptcha_terms":true,"enable_animation":true,"divider_style":"none","section_padding":"section--vertical-padding-top-bottom","content_width":"custom","custom_content_width":850}},"rich-text-2":{"type":"rich-text","blocks":{"block-0":{"type":"heading","settings":{"title":"FAQ","heading_font_class":"fs-heading-3-base"}},"block-1":{"type":"text","settings":{"text":"<p>Below are some of are common questions:<\/p>","text_font_class":"fs-body-100"}}},"block_order":["block-0","block-1"],"settings":{"alignment":"center_center","enable_animation":true,"divider_style":"none","section_padding":"section--vertical-padding-top-bottom","content_width":"custom","custom_content_width":700}},"collapsible-row-list":{"type":"collapsible-row-list","blocks":{"block-0":{"type":"item","settings":{"expand_by_default":false,"icon":"none","title":"How do I know if my order is confirmed?","text":"<p>This is an example of a response that you might give. It's good to be as thorough as possible in responses as that has a tendency to improve trust overall.<\/p>"}},"block-1":{"type":"item","settings":{"expand_by_default":false,"icon":"none","title":"Can I change my shipping address after my order is placed?","text":"<p>This is an example of a response that you might give. It's good to be as thorough as possible in responses as that has a tendency to improve trust overall.<\/p>"}},"block-2":{"type":"item","settings":{"expand_by_default":false,"icon":"none","title":"Do you ship internationally?","text":"<p>This is an example of a response that you might give. It's good to be as thorough as possible in responses as that has a tendency to improve trust overall.<\/p>"}},"block-3":{"type":"item","settings":{"expand_by_default":false,"icon":"none","title":"How long will it take until I receive my order?","text":"<p>This is an example of a response that you might give. It's good to be as thorough as possible in responses as that has a tendency to improve trust overall.<\/p>"}}},"block_order":["block-0","block-1","block-2","block-3"],"settings":{"title":"","heading_font_class":"fs-heading-3-base","heading_alignment":"left","item_heading_font":"body","enable_animation":true,"divider_style":"none","section_padding":"section--vertical-padding-bottom-only","content_width":"custom","custom_content_width":850}}},"order":["main","rich-text-1","contact-form","rich-text-2","collapsible-row-list"]}