{"sections":{"video-hero":{"type":"video-hero","blocks":{"block-0":{"type":"accent","settings":{"accent":"Our brand"}},"block-1":{"type":"image","settings":{"image_size":310,"image_size_mobile":200}},"block-2":{"type":"text","settings":{"text_font_class":"fs-body-100"}},"block-3":{"type":"play-button","settings":{"aspect_ratio":"square","text":"Watch our process","icon_style":"outline"}}},"block_order":["block-0","block-1","block-2","block-3"],"settings":{"image_aspect":"custom","desktop_height":60,"mobile_height":50,"focal_point":"image_presentation","text_position":"center_center","text_color":"#ffffff","button_background_color":"#ffffff","button_text_color":"#000000","color_overlay":"#000000","color_overlay_gradient":"","overlay_opacity":40,"enable_animation":true,"section_padding":"section--vertical-padding-none"}},"main":{"type":"main-page","disabled":true,"settings":{}},"rich-text-1":{"type":"rich-text","blocks":{"block-0":{"type":"text","settings":{"text_font_class":"fs-body-200"}},"block-1":{"type":"spacer","settings":{"space":20}},"block-2":{"type":"text","settings":{"text_font_class":"fs-body-100"}},"block-3":{"type":"spacer","settings":{"space":4}}},"block_order":["block-0","block-1","block-2","block-3"],"settings":{"alignment":"center_center","enable_animation":true,"divider_style":"none","section_padding":"section--vertical-padding-top-bottom","content_width":"custom","custom_content_width":650}},"image-with-text-1":{"type":"image-with-text","blocks":{"block-0":{"type":"heading","settings":{"heading_font_class":"fs-heading-1-base"}},"block-1":{"type":"button","disabled":true,"settings":{"link":"","link_text":"Read more","button_style":"btn--primary"}},"block-2":{"type":"text","settings":{"text_font_class":"fs-body-100"}},"block-3":{"type":"spacer","disabled":true,"settings":{"space":12}},"block-4":{"type":"button","settings":{"link":"shopify:\/\/collections","link_text":"View our collections","button_style":"btn--callout"}}},"block_order":["block-0","block-1","block-2","block-3","block-4"],"settings":{"image_position":"right","text_alignment":"center","aspect_ratio":"square","focal_point":"image_presentation","image_caption":"","show_small_image":false,"image_small_aspect_ratio":"square","image_small_focal_point":"center","background_color":"","text_color":"#000000","button_background_color":"#000000","button_text_color":"#ffffff","enable_animation":true,"divider_style":"solid","section_padding":"section--vertical-padding-top-only"}},"image-with-text-2":{"type":"image-with-text","blocks":{"block-0":{"type":"heading","settings":{"heading_font_class":"fs-heading-1-base"}},"block-1":{"type":"text","settings":{"text_font_class":"fs-body-100"}},"block-2":{"type":"image","settings":{"image_size":130,"image_size_mobile":110}}},"block_order":["block-0","block-1","block-2"],"settings":{"image_position":"left","text_alignment":"center","aspect_ratio":"square","focal_point":"image_presentation","image_caption":"","show_small_image":false,"image_small_aspect_ratio":"square","image_small_focal_point":"center","background_color":"","text_color":"#000000","button_background_color":"#000000","button_text_color":"#ffffff","enable_animation":true,"divider_style":"none","section_padding":"section--vertical-padding-top-bottom"}},"image-with-text-3":{"type":"image-with-text","blocks":{"block-0":{"type":"heading","settings":{"heading_font_class":"fs-heading-1-base"}},"block-1":{"type":"text","settings":{"text_font_class":"fs-body-100"}}},"block_order":["block-0","block-1"],"settings":{"image_position":"right","text_alignment":"center","aspect_ratio":"square","focal_point":"image_presentation","image_caption":"","show_small_image":false,"image_small_aspect_ratio":"square","image_small_focal_point":"center","background_color":"","text_color":"#000000","button_background_color":"#000000","button_text_color":"#ffffff","enable_animation":true,"divider_style":"none","section_padding":"section--vertical-padding-bottom-only"}},"multi-column-1":{"type":"multi-column","blocks":{"block-0":{"type":"image_column","settings":{"image_width":100,"aspect_ratio":"landscape","focal_point":"image_presentation","image_position":"above_text","image_link":"","small_caption":"","accent":"","heading":"","heading_font_class":"fs-heading-4-base","text":"","text_font_class":"fs-body-100","text_max_width":100,"link":"","link_text":"","button_style":"btn--primary"}},"block-1":{"type":"image_column","settings":{"image_width":100,"aspect_ratio":"landscape","focal_point":"image_presentation","image_position":"above_text","image_link":"","small_caption":"","accent":"","heading":"","heading_font_class":"fs-heading-4-base","text":"","text_font_class":"fs-body-100","text_max_width":100,"link":"","link_text":"","button_style":"btn--primary"}},"block-2":{"type":"image_column","settings":{"image_width":100,"aspect_ratio":"landscape","focal_point":"image_presentation","image_position":"above_text","image_link":"","small_caption":"","accent":"","heading":"","heading_font_class":"fs-heading-4-base","text":"","text_font_class":"fs-body-100","text_max_width":100,"link":"","link_text":"","button_style":"btn--primary"}},"block-3":{"type":"image_column","settings":{"image_width":100,"aspect_ratio":"landscape","focal_point":"image_presentation","image_position":"above_text","image_link":"","small_caption":"","accent":"","heading":"","heading_font_class":"fs-heading-4-base","text":"","text_font_class":"fs-body-100","text_max_width":100,"link":"","link_text":"","button_style":"btn--primary"}},"block-4":{"type":"image_column","settings":{"image_width":100,"aspect_ratio":"landscape","focal_point":"image_presentation","image_position":"above_text","image_link":"","small_caption":"","accent":"","heading":"","heading_font_class":"fs-heading-4-base","text":"","text_font_class":"fs-body-100","text_max_width":100,"link":"","link_text":"","button_style":"btn--primary"}}},"block_order":["block-0","block-1","block-2","block-3","block-4"],"settings":{"title":"","subheading":"<p>As seen in:<\/p>","heading_font_class":"fs-heading-3-base","heading_alignment":"center","content_vertical_alignment":"center","content_background_padding":"medium","columns":"5","column_spacing":28,"row_spacing":32,"column_alignment":"center","columns_mobile":"2","column_spacing_mobile":20,"row_spacing_mobile":28,"column_alignment_mobile":"center","background_behind_columns":false,"background_color":"","text_color":"#000000","button_background_color":"#000000","button_text_color":"#ffffff","enable_animation":true,"divider_style":"none","section_padding":"section--vertical-padding-top-bottom"}},"image-hero":{"type":"image-hero","blocks":{"block-0":{"type":"heading","settings":{"heading_font_class":"fs-heading-display-2"}},"block-1":{"type":"text","settings":{"text_font_class":"fs-body-100"}},"block-2":{"type":"button","disabled":true,"settings":{"link":"shopify:\/\/collections\/all","link_text":"Our latest collection","button_style":"btn--callout"}}},"block_order":["block-0","block-1","block-2"],"settings":{"image_aspect":"custom","desktop_height":65,"mobile_height":50,"focal_point":"image_presentation","mobile_focal_point":"image_presentation","media_link":"","text_position":"center_center","text_color":"#ffffff","button_background_color":"#ffffff","button_text_color":"#000000","color_overlay":"#000000","color_overlay_gradient":"","overlay_opacity":40,"enable_animation":true,"section_padding":"section--vertical-padding-top-only"}},"quote":{"type":"quote","blocks":{"block-0":{"type":"quote","settings":{"font_size":"medium"}}},"block_order":["block-0"],"settings":{"autoplay_enabled":true,"autoplay_delay":7,"pagination_style":"dots","font_choice":"heading","enable_animation":true,"divider_style":"none","section_padding":"section--vertical-padding-top-bottom"}},"multi-column-2":{"type":"multi-column","blocks":{"block-0":{"type":"image_column","settings":{"image_width":100,"aspect_ratio":"landscape","focal_point":"image_presentation","image_position":"above_text","image_link":"","small_caption":"","accent":"","heading_font_class":"fs-heading-4-base","text_font_class":"fs-body-100","text_max_width":100,"link":"","link_text":"","button_style":"btn--primary"}},"block-1":{"type":"image_column","settings":{"image_width":100,"aspect_ratio":"landscape","focal_point":"image_presentation","image_position":"above_text","image_link":"","small_caption":"","accent":"","heading_font_class":"fs-heading-4-base","text_font_class":"fs-body-100","text_max_width":100,"link":"","link_text":"","button_style":"btn--primary"}},"block-2":{"type":"image_column","settings":{"image_width":100,"aspect_ratio":"landscape","focal_point":"image_presentation","image_position":"above_text","image_link":"","small_caption":"","accent":"","heading_font_class":"fs-heading-4-base","text_font_class":"fs-body-100","text_max_width":100,"link":"","link_text":"","button_style":"btn--primary"}},"block-3":{"type":"image_column","settings":{"image_width":100,"aspect_ratio":"landscape","focal_point":"image_presentation","image_position":"above_text","image_link":"","small_caption":"","accent":"","heading_font_class":"fs-heading-4-base","text_font_class":"fs-body-100","text_max_width":100,"link":"","link_text":"","button_style":"btn--primary"}}},"block_order":["block-0","block-1","block-2","block-3"],"settings":{"title":"","subheading":"","heading_font_class":"fs-heading-2-base","heading_alignment":"center","content_vertical_alignment":"top","content_background_padding":"medium","columns":"2","column_spacing":36,"row_spacing":48,"column_alignment":"left","columns_mobile":"1","column_spacing_mobile":20,"row_spacing_mobile":40,"column_alignment_mobile":"left","background_behind_columns":false,"background_color":"#ffffff","text_color":"#000000","button_background_color":"#000000","button_text_color":"#ffffff","enable_animation":true,"divider_style":"none","section_padding":"section--vertical-padding-top-bottom"}},"rich-text-2":{"type":"rich-text","blocks":{"block-0":{"type":"spacer","settings":{"space":36}},"block-1":{"type":"heading","settings":{"heading_font_class":"fs-heading-2-base"}},"block-2":{"type":"text","settings":{"text":"<p>Use this text area to share information about your brand with your customers. Describe a product, share announcements, or welcome customers to your store.<\/p>","text_font_class":"fs-body-100"}},"block-3":{"type":"button","settings":{"button_style":"btn--callout"}},"block-4":{"type":"button","settings":{"button_style":"btn--callout"}},"block-5":{"type":"spacer","settings":{"space":4}}},"block_order":["block-0","block-1","block-2","block-3","block-4","block-5"],"settings":{"alignment":"center_center","enable_animation":true,"divider_style":"solid","section_padding":"section--vertical-padding-top-bottom","content_width":"custom","custom_content_width":700}},"image-hero-split":{"type":"image-hero-split","blocks":{"block-0":{"type":"image","settings":{"focal_point":"image_presentation","mobile_focal_point":"image_presentation","text":"","link_text":"Read the story","button_style":"btn--primary"}},"block-1":{"type":"image","settings":{"focal_point":"image_presentation","mobile_focal_point":"image_presentation","text":"","link_text":"Read the story","button_style":"btn--primary"}}},"block_order":["block-0","block-1"],"settings":{"image_aspect":"custom","desktop_height":60,"mobile_height":50,"text_position":"center","text_color":"#ffffff","button_background_color":"#ffffff","button_text_color":"#000000","color_overlay":"#000000","color_overlay_gradient":"","overlay_opacity":30,"enable_animation":true,"section_padding":"section--vertical-padding-none"}}},"order":["video-hero","main","rich-text-1","image-with-text-1","image-with-text-2","image-with-text-3","multi-column-1","image-hero","quote","multi-column-2","rich-text-2","image-hero-split"]}