{"sections":{"main":{"type":"main-page","disabled":true,"settings":{"enable_animation":true,"content_width":"custom","custom_content_width":700}},"rich-text-1":{"type":"rich-text","blocks":{"block-0":{"type":"heading","settings":{"title":"FAQ","heading_font_class":"fs-heading-1-base"}},"block-1":{"type":"spacer","settings":{"space":12}},"block-2":{"type":"text","settings":{"text_font_class":"fs-body-100"}},"block-3":{"type":"spacer","settings":{"space":12}}},"block_order":["block-0","block-1","block-2","block-3"],"settings":{"alignment":"center_center","enable_animation":true,"divider_style":"none","section_padding":"section--vertical-padding-top-bottom","content_width":"custom","custom_content_width":700}},"rich-text-2":{"type":"rich-text","blocks":{"block-0":{"type":"heading","settings":{"title":"Orders","heading_font_class":"fs-heading-3-base"}},"block-1":{"type":"text","settings":{"text":"<p>Below are some of are common questions about orders<\/p>","text_font_class":"fs-body-100"}}},"block_order":["block-0","block-1"],"settings":{"alignment":"center_center","enable_animation":false,"divider_style":"none","section_padding":"section--vertical-padding-top-bottom","content_width":"custom","custom_content_width":700}},"collapsible-row-list-1":{"type":"collapsible-row-list","blocks":{"block-0":{"type":"item","settings":{"expand_by_default":false,"icon":"none"}},"block-1":{"type":"item","settings":{"expand_by_default":false,"icon":"none"}},"block-2":{"type":"item","settings":{"expand_by_default":false,"icon":"none"}},"block-3":{"type":"item","settings":{"expand_by_default":false,"icon":"none"}}},"block_order":["block-0","block-1","block-2","block-3"],"settings":{"title":"","heading_font_class":"fs-heading-3-base","heading_alignment":"left","item_heading_font":"body","enable_animation":false,"divider_style":"none","section_padding":"section--vertical-padding-bottom-only","content_width":"custom","custom_content_width":850}},"rich-text-3":{"type":"rich-text","blocks":{"block-0":{"type":"heading","settings":{"title":"Shipping & Returns","heading_font_class":"fs-heading-3-base"}},"block-1":{"type":"text","settings":{"text":"<p>Below are some common questions about shipping, returns, and exchanges<\/p>","text_font_class":"fs-body-100"}}},"block_order":["block-0","block-1"],"settings":{"alignment":"center_center","enable_animation":false,"divider_style":"none","section_padding":"section--vertical-padding-top-bottom","content_width":"custom","custom_content_width":700}},"collapsible-row-list-2":{"type":"collapsible-row-list","blocks":{"block-0":{"type":"item","settings":{"expand_by_default":false,"icon":"none"}},"block-1":{"type":"item","settings":{"expand_by_default":false,"icon":"none"}},"block-2":{"type":"item","settings":{"expand_by_default":false,"icon":"none"}},"block-3":{"type":"item","settings":{"expand_by_default":false,"icon":"none"}}},"block_order":["block-0","block-1","block-2","block-3"],"settings":{"title":"","heading_font_class":"fs-heading-3-base","heading_alignment":"left","item_heading_font":"body","enable_animation":false,"divider_style":"none","section_padding":"section--vertical-padding-bottom-only","content_width":"custom","custom_content_width":850}},"rich-text-4":{"type":"rich-text","blocks":{"block-0":{"type":"heading","settings":{"title":"Products","heading_font_class":"fs-heading-3-base"}},"block-1":{"type":"text","settings":{"text":"<p>Below are some common questions about our products<\/p>","text_font_class":"fs-body-100"}}},"block_order":["block-0","block-1"],"settings":{"alignment":"center_center","enable_animation":false,"divider_style":"none","section_padding":"section--vertical-padding-top-bottom","content_width":"custom","custom_content_width":700}},"collapsible-row-list-3":{"type":"collapsible-row-list","blocks":{"block-0":{"type":"item","settings":{"expand_by_default":false,"icon":"none"}},"block-1":{"type":"item","settings":{"expand_by_default":false,"icon":"none"}},"block-2":{"type":"item","settings":{"expand_by_default":false,"icon":"none"}},"block-3":{"type":"item","settings":{"expand_by_default":false,"icon":"none"}}},"block_order":["block-0","block-1","block-2","block-3"],"settings":{"title":"","heading_font_class":"fs-heading-3-base","heading_alignment":"left","item_heading_font":"body","enable_animation":false,"divider_style":"none","section_padding":"section--vertical-padding-bottom-only","content_width":"custom","custom_content_width":850}},"rich-text-5":{"type":"rich-text","blocks":{"block-0":{"type":"heading","settings":{"title":"Didn't find your answer?","heading_font_class":"fs-heading-3-base"}},"block-1":{"type":"text","settings":{"text":"<p>Don't hestitate to contact us<\/p>","text_font_class":"fs-body-100"}},"block-2":{"type":"button","settings":{"link_text":"Contact us","button_style":"btn--primary"}},"block-3":{"type":"spacer","settings":{"space":12}}},"block_order":["block-0","block-1","block-2","block-3"],"settings":{"alignment":"center_center","enable_animation":true,"divider_style":"none","section_padding":"section--vertical-padding-top-bottom","content_width":"custom","custom_content_width":700}}},"order":["main","rich-text-1","rich-text-2","collapsible-row-list-1","rich-text-3","collapsible-row-list-2","rich-text-4","collapsible-row-list-3","rich-text-5"]}