{"layout":"password","sections":{"main":{"type":"main-password","blocks":{"heading":{"type":"heading","settings":{"title":"Opening soon","heading_font_class":"fs-heading-display-3"}},"text":{"type":"text","settings":{}},"spacer_1":{"type":"spacer","settings":{}},"newsletter_signup":{"type":"newsletter_signup","settings":{}},"spacer_2":{"type":"spacer","settings":{}},"share_icons":{"type":"share_icons","settings":{}}},"block_order":["heading","text","spacer_1","newsletter_signup","spacer_2","share_icons"],"settings":{}}},"order":["main"]}