{"sections":{"main":{"type":"main-product--default","blocks":{"product_header":{"type":"product_header","settings":{"show_divider":true,"show_vendor":true,"show_sku":true,"show_discount":true,"discount_format":"percent_off","show_product_rating":false,"show_sale_badge":true,"show_custom_badges":true}},"variant_picker":{"type":"variant_picker","settings":{"variant_popup_option":"Size","variant_popup_icon":"measuring-tape","variant_popup_text":"Size guide","variant_popup_page":"","swatch_size":"medium","chip_layout":"3col"}},"inventory_counter":{"type":"inventory-counter","settings":{"label":"Availability","inventory_max":"100","low_inventory_threshold":"40","show_status_bar":true}},"quantity_selector":{"type":"quantity_selector","settings":{"show_labels":true}},"buy_buttons":{"type":"buy_buttons","settings":{"show_dynamic_checkout":true}},"product_callouts-2":{"type":"product_callouts","settings":{"title":"","add_box":true,"add_dividers":true,"icon_1":"measuring-tape","text_1":"<p>Sizing or Dimensions<\/p>","icon_2":"cotton","text_2":"<p>Fabric Composition<\/p>","icon_3":"chat","text_3":"<p>Have questions? Contact us<\/p>","icon_4":"moving-truck","text_4":"","icon_5":"padlock","text_5":"","icon_6":"padlock","text_6":"","display_as_collapsible_row":false,"expand_by_default":false}},"share":{"type":"share","settings":{}}},"block_order":["product_header","variant_picker","inventory_counter","quantity_selector","buy_buttons","product_callouts-2","share"],"settings":{"enable_sticky_product_details":true,"show_breadcrumbs":false,"show_navigation_buttons":false,"gallery_style":"thumbnails","gallery_size":"large","gallery_overflow":"3","enable_video_looping":true,"enable_product_lightbox":true,"image_aspect_ratio":"portrait","enable_animation":true}},"product-tabs":{"type":"product-tabs","blocks":{"block-0":{"type":"product_description","settings":{"tab_heading":"Product description","heading":"","heading_font_class":"fs-heading-3-base","text_font_class":"fs-body-100","content_width":"custom","text_max_width":700}},"block-1":{"type":"one_column","settings":{"tab_heading":"One column tab","heading_column_1":"One column tab","heading_font_class_column_1":"fs-heading-4-base","text_column_1":"<p>Add your tab content here.<\/p>","page_for_content_column_1":"","custom_liquid_column_1":"","text_font_class_column_1":"fs-body-100","content_width":"custom","image_width_column_1":100,"image_position_column_1":"above_text"}},"block-2":{"type":"two_column_tab","settings":{"tab_heading":"Two column tab","content_vertical_alignment":"top","column_spacing":28,"heading_column_1":"First column","heading_font_class_column_1":"fs-heading-4-base","text_column_1":"<p>Add your tab content here.<\/p>","page_for_content_column_1":"","custom_liquid_column_1":"","text_font_class_column_1":"fs-body-100","image_width_column_1":100,"image_position_column_1":"above_text","heading_column_2":"Second column","heading_font_class_column_2":"fs-heading-4-base","text_column_2":"<p>Add your tab content here.<\/p>","page_for_content_column_2":"","custom_liquid_column_2":"","text_font_class_column_2":"fs-body-100","image_width_column_2":100,"image_position_column_2":"above_text"}},"block-3":{"type":"three_column_tab","settings":{"tab_heading":"Three column tab","content_vertical_alignment":"top","column_spacing":28,"heading_column_1":"First column","heading_font_class_column_1":"fs-heading-4-base","text_column_1":"<p>Add your tab content here.<\/p>","page_for_content_column_1":"","custom_liquid_column_1":"","text_font_class_column_1":"fs-body-100","image_width_column_1":100,"image_position_column_1":"above_text","heading_column_2":"Second column","heading_font_class_column_2":"fs-heading-4-base","text_column_2":"<p>Add your tab content here.<\/p>","page_for_content_column_2":"","custom_liquid_column_2":"","text_font_class_column_2":"fs-body-100","image_width_column_2":100,"image_position_column_2":"above_text","heading_column_3":"Third column","heading_font_class_column_3":"fs-heading-4-base","text_column_3":"<p>Add your tab content here.<\/p>","page_for_content_column_3":"","custom_liquid_column_3":"","text_font_class_column_3":"fs-body-100","image_width_column_3":100,"image_position_column_3":"above_text"}}},"block_order":["block-0","block-1","block-2","block-3"],"settings":{"tab_alignment":"left","tab_spacing":40,"font_choice":"ff-heading","tab_font_size":"fs-body-150","background_color":"","text_color":"#000000","enable_animation":true,"section_padding":"section--vertical-padding-top-bottom"}},"image-hero":{"type":"image-hero","blocks":{"block-0":{"type":"accent","settings":{"accent":"Accent"}},"block-1":{"type":"heading","settings":{"title":"Image hero","heading_font_class":"fs-heading-display-2"}},"block-2":{"type":"text","settings":{"text":"<p>Use these sections to promote a particular feature with editorial photography.<\/p>","text_font_class":"fs-body-100"}}},"block_order":["block-0","block-1","block-2"],"settings":{"image_aspect":"custom","desktop_height":70,"mobile_height":70,"focal_point":"image_presentation","mobile_focal_point":"image_presentation","media_link":"","text_position":"center_center","text_position_mobile":"center_center","text_color":"#ffffff","button_background_color":"#ffffff","button_text_color":"#000000","color_overlay":"#000000","color_overlay_gradient":"","overlay_opacity":40,"enable_animation":true,"section_padding":"section--vertical-padding-top-bottom"}},"image-with-text-1":{"type":"image-with-text","blocks":{"block-0":{"type":"heading","settings":{"title":"Image with text","heading_font_class":"fs-heading-display-3"}},"block-1":{"type":"text","settings":{"text":"<p>Use these sections to promote a particular feature with editorial photography<\/p>","text_font_class":"fs-body-100"}}},"block_order":["block-0","block-1"],"settings":{"image_position":"right","text_alignment":"left","aspect_ratio":"square","focal_point":"image_presentation","image_caption":"Optional image caption","show_small_image":true,"image_small_aspect_ratio":"square","image_small_focal_point":"center","background_color":"","text_color":"#000000","button_background_color":"#000000","button_text_color":"#ffffff","enable_animation":true,"divider_style":"none","section_padding":"section--vertical-padding-top-bottom"}},"image-with-text-2":{"type":"image-with-text","blocks":{"block-0":{"type":"heading","settings":{"title":"Image with text","heading_font_class":"fs-heading-display-3"}},"block-1":{"type":"text","settings":{"text":"<p>Use these sections to promote a particular feature with editorial photography<\/p>","text_font_class":"fs-body-100"}}},"block_order":["block-0","block-1"],"settings":{"image_position":"left","text_alignment":"left","aspect_ratio":"square","focal_point":"image_presentation","image_caption":"Optional image caption","show_small_image":true,"image_small_aspect_ratio":"square","image_small_focal_point":"center","background_color":"rgba(0,0,0,0)","text_color":"#000000","button_background_color":"#000000","button_text_color":"#ffffff","enable_animation":true,"divider_style":"none","section_padding":"section--vertical-padding-top-bottom"}},"testimonials":{"type":"testimonials","blocks":{"block-0":{"type":"testimonial","settings":{"product":"","image_position":"right","aspect_ratio":"square","focal_point":"image_presentation","show_rating":true,"rating":5,"quote":"\"Add customer reviews and testimonials to showcase your store’s happy customers.\"","author":"– Author's name"}},"block-1":{"type":"testimonial","settings":{"product":"","image_position":"left","aspect_ratio":"square","focal_point":"image_presentation","show_rating":true,"rating":5,"quote":"\"Add customer reviews and testimonials to showcase your store’s happy customers.\"","author":"– Author's name"}},"block-2":{"type":"testimonial","settings":{"product":"","image_position":"right","aspect_ratio":"square","focal_point":"image_presentation","show_rating":true,"rating":5,"quote":"\"Add customer reviews and testimonials to showcase your store’s happy customers.\"","author":"– Author's name"}}},"block_order":["block-0","block-1","block-2"],"settings":{"image_size":"large","quote_font":"body","background_color":"#f9f9f9","text_color":"#000000","enable_animation":true,"divider_style":"none","section_padding":"section--vertical-padding-top-bottom"}},"recommendations":{"type":"recommended-products","settings":{"title":"Recommended Products","subheading":"","maximum_products":8,"columns":"4","mobile_columns":"2","enable_animation":true,"divider_style":"none","section_padding":"section--vertical-padding-top-bottom"}}},"order":["main","product-tabs","image-hero","image-with-text-1","image-with-text-2","testimonials","recommendations"]}