{"type":"footer","name":"t:groups.footer_group.name","sections":{"footer":{"type":"footer","blocks":{"footer-0":{"type":"text","settings":{"desktop_width":30,"desktop_padding":0,"collapse_on_mobile":false,"title":"","show_title_on_desktop":false,"image_max_width":200,"image_placement":"above_text","show_social_icons":false}},"footer-1":{"type":"spacer","settings":{"desktop_width":10}},"footer-2":{"type":"links","settings":{"desktop_width":15,"desktop_padding":4,"collapse_on_mobile":true,"title":"Company","show_title_on_desktop":true}},"footer-3":{"type":"links","settings":{"desktop_width":15,"desktop_padding":4,"collapse_on_mobile":true,"title":"Links","show_title_on_desktop":true}},"footer-4":{"type":"newsletter","settings":{"desktop_width":30,"desktop_padding":0,"collapse_on_mobile":false,"show_title_on_desktop":true,"text":"","show_social_icons":true}}},"block_order":["footer-0","footer-1","footer-2","footer-3","footer-4"],"settings":{"enable_locale_selector":true,"enable_country_selector":true,"show_payment_icons":true,"additional_copyright_text":""}}},"order":["footer"]}