{"type":"header","name":"t:groups.header_group.name","sections":{"announcement-bar":{"type":"announcement-bar","blocks":{"announcement-bar-0":{"type":"announcement","settings":{}},"announcement-bar-1":{"type":"announcement","settings":{}}},"block_order":["announcement-bar-0","announcement-bar-1"],"settings":{"autoplay_enabled":true,"autoplay_delay":4,"color_background":"#000000","color_text":"#ffffff"}},"header":{"type":"header","blocks":{"meganav-0":{"type":"full_width_meganav","settings":{"column_count":2,"show_column_borders":true,"show_promo":true,"promo_width":700,"promo_height":400,"secondary_position":"right","focal_point":"image_presentation","promo_text":"Newest Releases","link":"shopify:\/\/collections\/all","link_text":"Discover","text_position":"flex-start_flex-end","text_color":"#ffffff","color_overlay":"#000000","color_overlay_gradient":"linear-gradient(180deg, rgba(0, 0, 0, 0.1) 22%, rgba(0, 0, 0, 1) 96%)","overlay_opacity":33}},"meganav-1":{"type":"compact_meganav","settings":{"dropdown_parent_link":"Dresses","columns_width":270,"column_count":1,"show_column_borders":false,"show_promo":true,"promo_width":550,"promo_height":350,"secondary_position":"right","focal_point":"image_presentation","promo_text":"Newest Releases","link":"shopify:\/\/collections\/all","text_position":"flex-start_flex-end","text_color":"#ffffff","color_overlay":"#000000","color_overlay_gradient":"linear-gradient(180deg, rgba(0, 0, 0, 0.15) 22%, rgba(0, 0, 0, 1) 96%)","overlay_opacity":50}}},"block_order":["meganav-0","meganav-1"],"settings":{"layout":"logo-center_nav-below","enable_sticky_header":true,"divider_width":"0px","enable_locale_selector":true,"enable_country_selector":true,"show_social_media":true,"logo_width":120,"mobile_logo_width":90,"menu":"main-menu","secondary_menu":"secondary-menu","enable_transparent_on_home":true,"color_text_transparent":"#ffffff","color_count_transparent":"#000000"}}},"order":["announcement-bar","header"]}